{
    "development": {
        "REACT_APP_MY_API": "http://localhost:8008",
        "REACT_APP_MY_WEBSOCKET": "http://192.168.3.98:8002",
        "REACT_APP_PROJECT_NAME": "Synergix Web",
        "REACT_APP_PROJECT_YEAR": "2021",
        "REACT_APP_USER_NOT_AVAILABLE": "Not Availaible",
        "REACT_APP_USER_AVAILABLE": "Availaible",
        "REACT_APP_MY_USER_ONLINE": "Online",
        "REACT_APP_MY_USER_BREAK": "Break"
    },
    "staging": {
        "REACT_APP_MY_API": "http://192.168.3.170",
        "REACT_APP_MY_WEBSOCKET": "http://192.168.3.98:8002",
        "REACT_APP_PROJECT_NAME": "Synergix Web",
        "REACT_APP_PROJECT_YEAR": "2021",
        "REACT_APP_USER_NOT_AVAILABLE": "Not Availaible",
        "REACT_APP_USER_AVAILABLE": "Availaible",
        "REACT_APP_MY_USER_ONLINE": "Online",
        "REACT_APP_MY_USER_BREAK": "Break"
    }
}